CodigoCompraAgil;Nombre;Descripcion;EstadoID;EstadoCodigo;EstadoGlosa;ConvocatoriaEstado;ConvocatoriaDescripcion;FechaCierrePrimerLlamado;FechaCierreSegundoLlamado;FechaPublicacion;FechaCierre;FechaUltimoCambio;FechaCancelacion;DireccionEntrega;PlazoEntregaDias;TipoPresupuesto;Moneda;PresupuestoEstimado;MontoDisponible;MontoDisponibleCLP;ValorCambioMoneda;FechaCambioMoneda;OC_ID;OC_Codigo;OrganismoComprador;RutComprador;UnidadCompra;Region;NombreRegion;MultaSancion;TotalOfertasRecibidas;TotalDemandas;MotivoCancelacion;MotivoDesierta;MotivoSeleccion;RequisitosMedioambientales;RequisitosImpactoSocial;TotalDocumentos;TotalProductosSolicitados;TotalProveedoresCotizando
1057922-45-COT25;F5-004-BMC-SOPORTE UNIVERSAL PARA HABILITACION DE PABELLON GINECO-OBSTETRICO MITIGACION DEL HBSJO;Adquisición de equipos y equipamiento para habilitación de Pabellón Gineco-obstétrico correspondiente a Mitigación del Hospital Base San José de Osorno;6;desierta;Desierta;2;Segundo llamado;2025-05-30 09:00;2025-06-02 17:00;2025-05-28 16:31;2025-06-02 17:00;2025-06-03 15:46;;Amador Barrientos #2360 (BASE SAMU);5;Estimado;CLP;450000;450000;450000;;;;;SERVICIO DE SALUD OSORNO;61.607.600-0;Activos Fijos;10;Región de los Lagos ;1;0;0;;no se presentaron ofertas, se volverá a publicar;;;;2;1;0
1057532-376-COT25;F2-172-JOA/ Adquisición de Fármacos Programas Ministeriales por faltante CENABAST.;Adquisición de Fármacos Programas Ministeriales por faltante CENABAST en riesgo de falta. Adjuntar resolución de distribución de medicamentos.;6;desierta;Desierta;2;Segundo llamado;2025-05-28 15:10;2025-05-30 16:33;2025-05-27 15:01;2025-05-30 16:33;2025-06-03 14:59;;AV. Manuel Rodríguez 759,;2;Estimado;CLP;5200000;5200000;5200000;;;;;SERVICIO DE SALUD OSORNO;61.607.600-0;Bienes y Servicios;10;Región de los Lagos ;0;7;0;;La ofertas que no cumplieron con las EETT (Faltaba la resolución sanitario para distribución de medicamentos). y  todas las ofertas solo cotizaron un producto, ya que lo solicitado eran dos medicamentos).;;;;1;2;7
1077241-55-COT25;F1-179-NAM / SILLON TERRAZA - MACETEROS - BANQUILLOS;SE REQUIERE LA COMPRA SILLON TERRAZA - MACETEROS - BANQUILLOS 1) Serán desestimadas las ofertas que no adjunten el Formularios Anexo Proveedor. 2) Adjuntar cotización detallada + imagenes de productos ofertados (archivo proveedor), según especificaciones técnicas adjuntadas 3) Debe indicar en días habiles el plazo de envio, dado que se tomará como parte de evaluación de adjudicación;6;desierta;Desierta;1;Primer llamado;2025-05-28 14:00;2025-05-29 16:57;2025-05-27 11:02;2025-05-28 14:00;2025-06-03 12:42;;Av. Manuel Rodriguez #759;5;Disponible;CLP;132000;132000;132000;;;;;SERVICIO DE SALUD OSORNO;61.607.600-0;Administración de Fondos;10;Región de los Lagos ;0;4;0;;Se ajustarán los precios a las cantidades, se republicará oferta;;;;2;3;4
1057532-393-COT25;F1-221-MAR ADQUISICION DE UN SERVICIO DE CAFETERIA.;F1-221-MAR ADQUISICION DE UN SERVICIO DE CAFETERIA.;4;proveedor_seleccionado;Proveedor seleccionado;1;Primer llamado;2025-06-03 11:30;2025-06-04 11:46;2025-06-02 11:13;2025-06-03 11:30;2025-06-03 11:49;;CENTRO CULTURAL OSORNO.;8;Estimado;CLP;360000;360000;360000;;;52820314;;SERVICIO DE SALUD OSORNO;61.607.600-0;Bienes y Servicios;10;Región de los Lagos ;0;3;0;;;;;;2;1;3
1057532-367-COT25;F1-168-NAM / MATERIALES DE OFICINA;SE REQUIERE LA COMPRA DE MATERIALES DE OFICINA 1) Serán desestimadas las ofertas que no adjunten el Formularios Anexo Proveedor.  2) Adjuntar cotización detallada + imagenes de productos ofertados (archivo proveedor), según especificaciones técnicas adjuntadas  3) Debe indicar en días habiles el plazo de envio, dado que se tomará como parte de evaluación de adjudicación;4;proveedor_seleccionado;Proveedor seleccionado;2;Segundo llamado;2025-05-26 08:00;2025-05-30 05:15;2025-05-23 13:13;2025-05-30 05:15;2025-06-03 11:48;;Av. Manuel Rodriguez #759;4;Estimado;CLP;282600;282600;282600;;;52820291;;SERVICIO DE SALUD OSORNO;61.607.600-0;Bienes y Servicios;10;Región de los Lagos ;0;2;0;;;;;;2;11;2
1057922-52-COT25;F5-010-IVO//ADQ. DE EQUIPOS Y EQUIPAMIENTO PLAN NACIONAL DEL CANCER / BALANZA ADULTO CON TALLIMETRO;REPOSICIÓN Y ADQUISICIÓN DE EQUIPOS Y EQUIPAMIENTO PARA EL SERVICIO DE SALUD OSORNO, CONTEMPLADOS POR PLAN NACIONAL DEL CÁNCER 2025;4;proveedor_seleccionado;Proveedor seleccionado;1;Primer llamado;2025-06-02 17:00;2025-06-05 23:56;2025-05-30 10:03;2025-06-02 17:00;2025-06-03 03:54;;Amador Barrientos # 2360 (Base Samu);5;Estimado;CLP;700000;700000;700000;;;52824001;;SERVICIO DE SALUD OSORNO;61.607.600-0;Activos Fijos;10;Región de los Lagos ;1;7;0;;;;;;2;1;7
1057922-50-COT25;F5-010-IVO//ADQ. DE EQUIPOS Y EQUIPAMIENTO PLAN NACIONAL DEL CANCER / CUBRECALZADO AUTOMATICO;REPOSICIÓN Y ADQUISICIÓN DE EQUIPOS Y EQUIPAMIENTO PARA EL SERVICIO DE SALUD OSORNO, CONTEMPLADOS POR PLAN NACIONAL DEL CÁNCER 2025;4;proveedor_seleccionado;Proveedor seleccionado;1;Primer llamado;2025-06-02 17:00;2025-06-05 23:58;2025-05-30 10:01;2025-06-02 17:00;2025-06-03 03:53;;Amador Barrientos # 2360 (Base Samu);5;Estimado;CLP;240000;240000;240000;;;52823972;;SERVICIO DE SALUD OSORNO;61.607.600-0;Activos Fijos;10;Región de los Lagos ;1;2;0;;;;;;2;1;2
1180747-41-COT25;F5-002-BMC-ADQUISICION NEGATOSCOPIO PARA HABILITACION PSR COSTA RIO BLANCO- RIO NEGRO;Adquisición de equipos y equipamiento para habilitación de Posta de Salud Rural Costa Rio blanco, Rio negro.;4;proveedor_seleccionado;Proveedor seleccionado;1;Primer llamado;2025-06-02 12:00;2025-06-06 06:28;2025-05-29 17:31;2025-06-02 12:00;2025-06-03 03:49;;Manuel Rodriguez # 759;5;Estimado;CLP;270000;270000;270000;;;52823868;;SERVICIO DE SALUD OSORNO;61.607.600-0;Compras Convenio GORE Region de Los Lagos;10;Región de los Lagos ;1;2;0;;;;;;3;1;2
1180747-42-COT25;F5-002-BMC-ADQUISICION PODOSCOPIO PARA HABILITACION PSR COSTA RIO BLANCO- RIO NEGRO;Adquisición de equipos y equipamiento para habilitación de Posta de Salud Rural Costa Rio blanco, Rio negro.;4;proveedor_seleccionado;Proveedor seleccionado;1;Primer llamado;2025-06-02 12:00;2025-06-06 06:27;2025-05-29 17:32;2025-06-02 12:00;2025-06-03 03:48;;Manuel Rodriguez # 759;5;Estimado;CLP;230000;230000;230000;;;52823858;;SERVICIO DE SALUD OSORNO;61.607.600-0;Compras Convenio GORE Region de Los Lagos;10;Región de los Lagos ;1;4;0;;;;;;3;1;4
